{"count":1,"gauges":{},"self":31.5128928,"total":39.076997999999996,"children":{"AgentResetIfDone":{"count":1914,"self":0.090800399999999989,"total":0.090800399999999989,"children":null},"AgentSendState":{"count":1914,"self":0.1889351,"total":0.2744964,"children":{"CollectObservations":{"count":3832,"self":0.085561299999999993,"total":0.085561299999999993,"children":null}}},"DecideAction":{"count":1914,"self":6.152024,"total":6.8049462,"children":{"RayPerceptionSensor.Perceive":{"count":3832,"self":0.6529221,"total":0.6529221,"children":null}}},"AcademyStep":{"count":1914,"self":0.0140369,"total":0.0140369,"children":null},"AgentAct":{"count":1914,"self":0.37782519999999997,"total":0.37782519999999997,"children":null}}}